program_type,program,site_name,borough_community,agency,contact_number,grade_level_age_group,number_and_street_address,postcode,latitude,longitude,community_board,community_council,census_tract,bin,bbl,nta,location_1,:@computed_region_efsh_h5xi,:@computed_region_f5dn_yrer,:@computed_region_yeji_bk3q,:@computed_region_92fq_4b7q,:@computed_region_sbqj_enih
After-School Programs,High School,Kaplan Center for Community Services Annex ,Brooklyn,"Jewish Board of Family and Children's Services, Inc.",212.423.6200,High School,"1007 Quentin Road, Brooklyn, NY 11223",11223,40.60776,-73.962779,15.0,44.0,420.0,3176313.0,3066420043.0,Homecrest                                                                  ,,,,,,
After-School Programs,High School,Public School / Intermediate School 298 ,Brooklyn,"Church Avenue Merchants Block Association, Inc.",718.287.2600,High School,85 Watkins Street,11212,40.670986,-73.908194,16.0,37.0,906.0,3080768.0,3035070007.0,Brownsville                                                                ,"{'latitude': '40.670427766919', 'longitude': '-73.908004365901', 'human_address': '{""address"": ""85 Watkins Street"", ""city"": ""Brooklyn"", ""state"": ""NEW YORK"", ""zip"": ""11212""}'}",17614.0,55.0,2.0,37.0,46.0
After-School Programs,High School,"Jewish Services Coalition, Inc",Queens,"Jewish Services Coalition, Inc",718.327.6060,High School,1525 Central Avenue,11691,40.605645,-73.751391,14.0,31.0,103202.0,4298051.0,4155450023.0,Far Rockaway-Bayswater                                                     ,"{'latitude': '40.605662356989', 'longitude': '-73.751324611595', 'human_address': '{""address"": ""1525 Central Avenue"", ""city"": ""Queens"", ""state"": ""NEW YORK"", ""zip"": ""11691""}'}",20529.0,51.0,3.0,47.0,59.0
After-School Programs,High School,Manhattan Center For Science & Math,New York,The Childrens Aid Society,212.860.0299,High School,280 Pleasant Avenue,10029,40.794476,-73.933565,11.0,8.0,178.0,1053152.0,1017130001.0,East Harlem North                                                          ,"{'latitude': '40.794804224554', 'longitude': '-73.933301037421', 'human_address': '{""address"": ""280 Pleasant Avenue"", ""city"": ""New York"", ""state"": ""NEW YORK"", ""zip"": ""10029""}'}",12426.0,7.0,4.0,35.0,16.0
After-School Programs,High School,Bushwick High School - H.S. ,Brooklyn,Research Foundation of CUNY,347.417.8135,High School,480 400 Irving Avenue,11237,,,,,,,,,"{'latitude': '40.704095739827', 'longitude': '-73.920994233997', 'human_address': '{""address"": ""480 400 Irving Avenue"", ""city"": ""Brooklyn"", ""state"": ""NEW YORK"", ""zip"": ""11237""}'}",13828.0,42.0,2.0,30.0,53.0
After-School Programs,High School,Queens Community Resource Center ,Queens,Covenant House/Under 21,718.725.9851,,159-17 Hillside Avenue,11432,40.707793,-73.802545,8.0,24.0,44602.0,4209068.0,4097690089.0,Jamaica                                                                    ,"{'latitude': '40.71311535449', 'longitude': '-73.792820999789', 'human_address': '{""address"": ""159 17 Hillside Avenue"", ""city"": ""Queens"", ""state"": ""NEW YORK"", ""zip"": ""11432""}'}",24340.0,25.0,3.0,24.0,65.0
After-School Programs,High School,Intermediate School 292- Margaret S.  Douglas School,Brooklyn,"Groundwork Inc,",718 346. 2200,High School,301 Vermont Street,11207,40.671987,-73.893896,5.0,42.0,1144.0,3083931.0,3037400001.0,East New York (Pennsylvania Ave)                                           ,"{'latitude': '40.67232012791', 'longitude': '-73.893980855849', 'human_address': '{""address"": ""301 Vermont Street"", ""city"": ""Brooklyn"", ""state"": ""NEW YORK"", ""zip"": ""11207""}'}",17214.0,45.0,2.0,37.0,47.0
After-School Programs,High School,"Adams & White, PC",Brooklyn,Bronx Arts Ensemble,718.601.7399,High School,9318 Avenue K,11236,40.638487,-73.899905,18.0,46.0,990.0,3231685.0,3082390042.0,Canarsie                                                                   ,"{'latitude': '40.640021493797', 'longitude': '-73.901121939926', 'human_address': '{""address"": ""9318 Avenue"", ""city"": ""Brooklyn"", ""state"": ""NEW YORK"", ""zip"": ""11236""}'}",13827.0,5.0,2.0,8.0,42.0
After-School Programs,High School,Make the Road by Walking,Brooklyn,Make the Road by Walking,718.418.7690,High School,301 Grove Street,11237,40.698448,-73.915629,4.0,37.0,433.0,3075926.0,3033170041.0,Bushwick North                                                             ,"{'latitude': '40.698428502523', 'longitude': '-73.915623474994', 'human_address': '{""address"": ""301 Grove Street"", ""city"": ""Brooklyn"", ""state"": ""NEW YORK"", ""zip"": ""11237""}'}",13828.0,42.0,2.0,37.0,53.0
After-School Programs,High School,Highbridge Community Life Center                            ,Bronx,Highbridge Community Life Center                            ,718.293.6103,High School,1248 Nelson Avenue,10452,40.83885,-73.924569,4.0,16.0,211.0,2096413.0,2025170001.0,Highbridge                                                                 ,"{'latitude': '40.838724615971', 'longitude': '-73.924634415896', 'human_address': '{""address"": ""1248 Nelson Avenue"", ""city"": ""Bronx"", ""state"": ""NEW YORK"", ""zip"": ""10452""}'}",10930.0,50.0,5.0,42.0,27.0
After-School Programs,High School,Schwartz Center ,Brooklyn,"Police Athletic League, Inc.",212.477.9450,High School,127 Pennsylvania Avenue,11207,40.674814,-73.896606,5.0,37.0,1198.0,3083515.0,3036870001.0,East New York                                                              ,"{'latitude': '40.674740211809', 'longitude': '-73.896576353025', 'human_address': '{""address"": ""127 Pennsylvania Avenue"", ""city"": ""Brooklyn"", ""state"": ""NEW YORK"", ""zip"": ""11207""}'}",17214.0,45.0,2.0,37.0,47.0
After-School Programs,High School,Project Ready Headquarters,Bronx,Mount Hope Housing Company,718 466.3600,,55 E. 175th Street,10453,40.847256,-73.911295,5.0,14.0,22701.0,2115885.0,2028500034.0,Mount Hope                                                                 ,"{'latitude': '40.847312989377', 'longitude': '-73.911364754436', 'human_address': '{""address"": ""55 175th Street"", ""city"": ""Bronx"", ""state"": ""NEW YORK"", ""zip"": ""10453""}'}",10931.0,6.0,5.0,29.0,29.0
After-School Programs,High School,East NY Development Corporation,Brooklyn,East NY Development Corporation,718.566.2127,,2644 Atlantic Avenue,11207,40.675744,-73.896644,5.0,37.0,1198.0,3326728.0,3036870012.0,East New York                                                              ,"{'latitude': '40.675655262304', 'longitude': '-73.896752975273', 'human_address': '{""address"": ""2644 Atlantic Avenue"", ""city"": ""Brooklyn"", ""state"": ""NEW YORK"", ""zip"": ""11207""}'}",17214.0,45.0,2.0,37.0,47.0
After-School Programs,High School,ChaRosa Foundation Corporation,Queens,ChaRosa Foundation Corporation,718.723.0218,,161-10 Jamaica Avenue,11432,40.704033,-73.798412,12.0,27.0,44601.0,4440641.0,4101010015.0,Jamaica                                                                    ,"{'latitude': '40.71311535449', 'longitude': '-73.792820999789', 'human_address': '{""address"": ""161 10 Jamaica Avenue"", ""city"": ""Queens"", ""state"": ""NEW YORK"", ""zip"": ""11432""}'}",24340.0,25.0,3.0,24.0,65.0
After-School Programs,High School,Youth for Education and Sports,Brooklyn,Youth for Education and Sports,718.941.7532,,681 Ocean Avenue,11226,40.646286,-73.960274,14.0,40.0,51001.0,3117624.0,3051240026.0,Flatbush                                                                   ,"{'latitude': '40.646187680826', 'longitude': '-73.960236131048', 'human_address': '{""address"": ""681 Ocean Avenue"", ""city"": ""Brooklyn"", ""state"": ""NEW YORK"", ""zip"": ""11226""}'}",13510.0,60.0,2.0,11.0,43.0
After-School Programs,High School,Lt. Joseph P. Kennedy Jr. Memorial Community Center,New York,"Catholic Charities Community Service, Archdiocese of N.Y.",212.371.1000,,34 West 134th Street,10037,40.812702,-73.939645,10.0,9.0,212.0,1083984.0,1017300016.0,Central Harlem North-Polo Grounds                                          ,"{'latitude': '40.812765068123', 'longitude': '-73.939817555307', 'human_address': '{""address"": ""34 134th Street"", ""city"": ""New York"", ""state"": ""NEW YORK"", ""zip"": ""10037""}'}",13095.0,18.0,4.0,36.0,20.0
After-School Programs,High School,Columbus Clubhouse ,Bronx,Madison Square Boys & Girls Club,212.760.9600,High School,543 East 189 Street,10458,40.858374,-73.887901,6.0,15.0,387.0,2011814.0,2030590048.0,Belmont                                                                    ,"{'latitude': '40.8583901564', 'longitude': '-73.887865918036', 'human_address': '{""address"": ""543 189 Street"", ""city"": ""Bronx"", ""state"": ""NEW YORK"", ""zip"": ""10458""}'}",10936.0,35.0,5.0,22.0,31.0
After-School Programs,High School,"Jacob A. Riis Neighborhood Settlement, Inc. ",Queens,"Jacob A. Riis Neighborhood Settlement, Inc.",718.784.7447,High School,10-25 41st Avenue,11101,40.755488,-73.945328,1.0,26.0,25.0,4433386.0,4004700100.0,Queensbridge-Ravenswood-Long Island City                                   ,"{'latitude': '40.745702449808', 'longitude': '-73.938669029252', 'human_address': '{""address"": ""10 25 41st Avenue"", ""city"": ""Queens"", ""state"": ""NEW YORK"", ""zip"": ""11101""}'}",16858.0,53.0,3.0,33.0,66.0
After-School Programs,High School,Police Athletic League PAL-Webster Center ,Bronx,"Police Athletic League, Inc.",212.477.9450,,2255 Webster Avenue,10457,40.855656,-73.895978,5.0,15.0,38302.0,2013329.0,2031430203.0,Fordham South                                                              ,"{'latitude': '40.855630916719', 'longitude': '-73.896023210038', 'human_address': '{""address"": ""2255 Webster Avenue"", ""city"": ""Bronx"", ""state"": ""NEW YORK"", ""zip"": ""10457""}'}",10935.0,6.0,5.0,22.0,29.0
After-School Programs,High School,SCO Family of Services,Brooklyn,SCO Family of Services,718.455.1166,High School,75 Lewis Avenue,11206,40.694962,-73.937422,3.0,36.0,287.0,3379533.0,3015920001.0,Stuyvesant Heights                                                         ,"{'latitude': '40.695007999414', 'longitude': '-73.937422302529', 'human_address': '{""address"": ""75 Lewis Avenue"", ""city"": ""Brooklyn"", ""state"": ""NEW YORK"", ""zip"": ""11206""}'}",17213.0,69.0,2.0,49.0,52.0
After-School Programs,High School,Children's Arts & Science Workshops,New York,"Children's Arts & Science Workshops, Inc.                    ",212.923.7766,High School,4271 Broadway,10032,40.850456,-73.935609,12.0,10.0,271.0,1064414.0,1021800093.0,Washington Heights North                                                   ,"{'latitude': '40.845420287783', 'longitude': '-73.938725439421', 'human_address': '{""address"": ""4271 Broadway"", ""city"": ""New York"", ""state"": ""NEW YORK"", ""zip"": ""10032""}'}",13090.0,47.0,4.0,39.0,21.0
After-School Programs,High School,College S.T.E.P.S.,Brooklyn,Cypress Hills Local Development Corporation,718.647.2800,High School,2836 Fulton Street,11207,40.678271,-73.89001,5.0,37.0,1198.0,3087792.0,3039480021.0,East New York                                                              ,"{'latitude': '40.678267544606', 'longitude': '-73.889934260863', 'human_address': '{""address"": ""2836 Fulton Street"", ""city"": ""Brooklyn"", ""state"": ""NEW YORK"", ""zip"": ""11207""}'}",17214.0,45.0,2.0,37.0,47.0
After-School Programs,High School,"Elmcor Youth and Adult Activities, Inc.",Queens,"Elmcor Youth and Adult Activities, Inc.",718.651.0096,High School,33-16 108th Street,11369,40.757429,-73.860938,3.0,21.0,381.0,4042761.0,4017220012.0,North Corona                                                               ,"{'latitude': '40.763413273704', 'longitude': '-73.872378898667', 'human_address': '{""address"": ""33 16 108th Street"", ""city"": ""Queens"", ""state"": ""NEW YORK"", ""zip"": ""11369""}'}",14511.0,65.0,3.0,21.0,73.0
After-School Programs,High School,Shorefront YM-YWHA,Brooklyn,Shorefront YM-YWHA,718.646.1444,High School,3300 Coney Island Avenue,11235,40.575607,-73.959463,13.0,48.0,36002.0,3326880.0,3086930001.0,Brighton Beach                                                             ,"{'latitude': '40.575793969704', 'longitude': '-73.959507450797', 'human_address': '{""address"": ""3300 Coney Island Avenue"", ""city"": ""Brooklyn"", ""state"": ""NEW YORK"", ""zip"": ""11235""}'}",13826.0,21.0,2.0,15.0,35.0
After-School Programs,High School,Santa Maria School ,Bronx,Reading Excellence and Discovery (READ) Foundation,212.849.6840,High School,1510 Zerega Avenue,10462,40.838263,-73.848818,10.0,18.0,202.0,2041767.0,2039770001.0,Westchester-Unionport                                                      ,"{'latitude': '40.838276361078', 'longitude': '-73.848808382767', 'human_address': '{""address"": ""1510 Zerega Avenue"", ""city"": ""Bronx"", ""state"": ""NEW YORK"", ""zip"": ""10462""}'}",11270.0,43.0,5.0,31.0,28.0
After-School Programs,High School,Career Development Institute,Bronx,Federation Employment & Guidance Services (FEGS),212.366.8401,High School,412 E. 147th Street,10455,40.814478,-73.918076,1.0,8.0,43.0,2000506.0,2022910012.0,Mott Haven-Port Morris                                                     ,"{'latitude': '40.814487302565', 'longitude': '-73.918175218003', 'human_address': '{""address"": ""412 147th Street"", ""city"": ""Bronx"", ""state"": ""NEW YORK"", ""zip"": ""10455""}'}",10933.0,49.0,5.0,35.0,23.0
After-School Programs,High School,St. Sebastians Parochial School,Queens,"Woodside On The Move, Inc.",718.476.8449,High School,39-76 58th Street,11377,40.746331,-73.906102,2.0,26.0,257.0,4437102.0,4012280001.0,Woodside                                                                   ,"{'latitude': '40.745193764481', 'longitude': '-73.90484714408', 'human_address': '{""address"": ""39 76 58th Street"", ""city"": ""Queens"", ""state"": ""NEW YORK"", ""zip"": ""11377""}'}",14787.0,53.0,3.0,33.0,66.0
After-School Programs,High School,Elemetary School 55,Bronx,Bronx Arts Ensemble,718 601.7399,High School,450 St Pauls Place,10456,40.836404,-73.905014,3.0,16.0,14702.0,2009463.0,2029020001.0,Claremont-Bathgate                                                         ,"{'latitude': '40.836276563944', 'longitude': '-73.904611130772', 'human_address': '{""address"": ""450 St Pauls Place"", ""city"": ""Bronx"", ""state"": ""NEW YORK"", ""zip"": ""10456""}'}",10934.0,34.0,5.0,42.0,25.0
After-School Programs,High School,Intermediate School 61,Queens,New York Junior Tennis League,347 417.8135,High School,98-50 50th Avenue,11368,40.742668,-73.863307,4.0,21.0,44302.0,4046834.0,4018910032.0,Corona                                                                     ,"{'latitude': '40.749678220374', 'longitude': '-73.853040688577', 'human_address': '{""address"": ""98 50 50th Avenue"", ""city"": ""Queens"", ""state"": ""NEW YORK"", ""zip"": ""11368""}'}",14510.0,66.0,3.0,21.0,68.0
After-School Programs,High School,Afrikan Poetry Theatre ,Queens,Afrikan Poetry Theatre,718.523.3312,,176-03 Jamaica Avenue,11432,40.707941,-73.784233,12.0,27.0,468.0,4209975.0,4098120008.0,Jamaica                                                                    ,"{'latitude': '40.71311535449', 'longitude': '-73.792820999789', 'human_address': '{""address"": ""176 03 Jamaica Avenue"", ""city"": ""Queens"", ""state"": ""NEW YORK"", ""zip"": ""11432""}'}",24340.0,25.0,3.0,24.0,65.0
After-School Programs,High School,Intermediate School 5 - Walter H. Crowley School,Queens,"Sunnyside Community Service, Inc.",718.784.6173,High School,50-40 Jacobus Street,11373,40.737718,-73.887429,4.0,25.0,489.0,4454423.0,4024500017.0,Elmhurst-Maspeth                                                           ,"{'latitude': '40.738710402563', 'longitude': '-73.878351155182', 'human_address': '{""address"": ""50 40 Jacobus Street"", ""city"": ""Queens"", ""state"": ""NEW YORK"", ""zip"": ""11373""}'}",14784.0,66.0,3.0,5.0,68.0
After-School Programs,High School,"Northside Center For Child Development, Inc.",New York,"Northside Center For Child Development, Inc.",212.426.3400,High School,1301 5th Avenue,10029,40.797221,-73.948963,11.0,9.0,17402.0,1078884.0,1016160001.0,East Harlem South                                                          ,"{'latitude': '40.797104792393', 'longitude': '-73.949022991028', 'human_address': '{""address"": ""1301 5th Avenue"", ""city"": ""New York"", ""state"": ""NEW YORK"", ""zip"": ""10029""}'}",12426.0,7.0,4.0,36.0,14.0
After-School Programs,High School,Intermediate School 171 - Abraham Lincoln School,Brooklyn,Cypress Hills Local Development Corporation,718.647.2800,High School,528 Ridgewood Avenue,11208,40.68618,-73.869625,5.0,37.0,1184.0,3092456.0,3041340020.0,Cypress Hills-City Line                                                    ,"{'latitude': '40.686153081044', 'longitude': '-73.869667918389', 'human_address': '{""address"": ""528 Ridgewood Avenue"", ""city"": ""Brooklyn"", ""state"": ""NEW YORK"", ""zip"": ""11208""}'}",17215.0,45.0,2.0,37.0,47.0
After-School Programs,High School,Children's Art Carnival ,New York,Children's Art Carnival ,212.234.4093,High School,62 Hamilton Terrace,10031,40.823075,-73.946309,9.0,7.0,227.0,1060961.0,1020500064.0,Hamilton Heights                                                           ,"{'latitude': '40.823323108747', 'longitude': '-73.946094823072', 'human_address': '{""address"": ""62 Hamilton Terrace"", ""city"": ""New York"", ""state"": ""NEW YORK"", ""zip"": ""10031""}'}",12428.0,37.0,4.0,23.0,19.0
After-School Programs,High School,P.S 88,Queens,"Greater Ridgewood Youth Council, Inc.",718.456.5437,High School,60-85 Catalpa Avenue,11385,40.703779,-73.896374,5.0,30.0,585.0,4085173.0,4035340012.0,Ridgewood                                                                  ,"{'latitude': '40.701224891615', 'longitude': '-73.88334858437', 'human_address': '{""address"": ""60 85 Catalpa Avenue"", ""city"": ""Queens"", ""state"": ""NEW YORK"", ""zip"": ""11385""}'}",15310.0,54.0,3.0,34.0,62.0
After-School Programs,High School,Intermediate School 399,Bronx,Bronx Arts Ensemble,718.601.7399,High School,120 East 184 Street,10453,40.859752,-73.900161,5.0,14.0,23703.0,2013899.0,2031720046.0,Fordham South                                                              ,"{'latitude': '40.859718306517', 'longitude': '-73.900102334856', 'human_address': '{""address"": ""120 184 Street"", ""city"": ""Bronx"", ""state"": ""NEW YORK"", ""zip"": ""10453""}'}",11606.0,6.0,5.0,29.0,29.0
After-School Programs,High School,G.R.Y.C. Headquarters,Queens,"Greater Ridgewood Youth Council, Inc.",718.456.5437,High School,62-04 Myrtle Avenue,11385,40.700894,-73.893211,5.0,30.0,577.0,4437849.0,4035930001.0,Glendale                                                                   ,"{'latitude': '40.701224891615', 'longitude': '-73.88334858437', 'human_address': '{""address"": ""62 04 Myrtle Avenue"", ""city"": ""Queens"", ""state"": ""NEW YORK"", ""zip"": ""11385""}'}",15310.0,54.0,3.0,34.0,62.0
After-School Programs,High School,Police Athletic League PAL\Harlem Center ,New York,"Police Athletic League, Inc.",212 665-8699,,441 Manhattan Avenue,10026,40.806654,-73.955649,10.0,9.0,257.0,1088138.0,1019450051.0,Central Harlem South                                                       ,"{'latitude': '40.806694644425', 'longitude': '-73.955618643362', 'human_address': '{""address"": ""441 Manhattan Avenue"", ""city"": ""New York"", ""state"": ""NEW YORK"", ""zip"": ""10026""}'}",12423.0,18.0,4.0,36.0,18.0
After-School Programs,High School,PS 119 ,Bronx,YMCA of Greater New York/Corporate,212.792.9736,High School,1075 Pugsley Avenue,10472,40.828518,-73.856569,9.0,18.0,4001.0,2025696.0,2037890021.0,Soundview-Bruckner                                                         ,"{'latitude': '40.82849055647', 'longitude': '-73.856591999053', 'human_address': '{""address"": ""1075 Pugsley Avenue"", ""city"": ""Bronx"", ""state"": ""NEW YORK"", ""zip"": ""10472""}'}",11610.0,58.0,5.0,31.0,26.0
After-School Programs,High School,"Jacob A. Riis Neighborhood Settlement, Inc.",Queens,"Jacob A. Riis Neighborhood Settlement, Inc.",718.784.7447,,10-25 41st Avenue,11101,40.755488,-73.945328,1.0,26.0,25.0,4433386.0,4004700100.0,Queensbridge-Ravenswood-Long Island City                                   ,"{'latitude': '40.745702449808', 'longitude': '-73.938669029252', 'human_address': '{""address"": ""10 25 41st Avenue"", ""city"": ""Queens"", ""state"": ""NEW YORK"", ""zip"": ""11101""}'}",16858.0,53.0,3.0,33.0,66.0
After-School Programs,High School,Trinity Lutheran Church ,New York,Lutheran Social Services of New York,212.784.8960,High School,168 West 100th Street,10025,40.79644,-73.968011,7.0,7.0,185.0,1055907.0,1018520059.0,Upper West Side                                                            ,"{'latitude': '40.796249903199', 'longitude': '-73.967583305119', 'human_address': '{""address"": ""168 100th Street"", ""city"": ""New York"", ""state"": ""NEW YORK"", ""zip"": ""10025""}'}",12422.0,20.0,4.0,23.0,15.0
After-School Programs,High School,Junior High School 204 - Oliver Wendell Holmes Middle,Queens,New York Junior Tennis League,718.417.8135,High School, 36-41 28th Street,11106,40.757065,-73.932664,1.0,26.0,51.0,4004156.0,4003430001.0,Queensbridge-Ravenswood-Long Island City                                   ,"{'latitude': '40.761699790013', 'longitude': '-73.931663252957', 'human_address': '{""address"": ""36 41 28th Street"", ""city"": ""Queens"", ""state"": ""NEW YORK"", ""zip"": ""11106""}'}",16863.0,39.0,3.0,33.0,72.0
After-School Programs,High School,City Parks Foundation,Bronx,City Parks Foundation,212.360.1399,High School,3225 Reservior Oval,10467,,,,,,,,,"{'latitude': '40.877992697278', 'longitude': '-73.879095253984', 'human_address': '{""address"": ""3225 Reservior Oval"", ""city"": ""Bronx"", ""state"": ""NEW YORK"", ""zip"": ""10467""}'}",11605.0,24.0,5.0,40.0,34.0
After-School Programs,High School,Public School 217 - Col. David Marcus Elementary School ,Brooklyn,Flatbush Development Corporation,718.859.3800,,1100 Newkirk Avenue,11230,40.63398,-73.966558,14.0,40.0,526.0,3121072.0,3052320001.0,Flatbush                                                                   ,"{'latitude': '40.633960964399', 'longitude': '-73.966505506315', 'human_address': '{""address"": ""1100 Newkirk Avenue"", ""city"": ""Brooklyn"", ""state"": ""NEW YORK"", ""zip"": ""11230""}'}",13513.0,60.0,2.0,11.0,43.0
After-School Programs,High School,ECDO Community Partnership Center ,New York,Ecumenical Community Development Organization,212.678.0037,,413 West 125th Street,10027,40.81168,-73.954703,9.0,7.0,20901.0,1059548.0,1019660066.0,Morningside Heights                                                        ,"{'latitude': '40.811640915587', 'longitude': '-73.95464737557', 'human_address': '{""address"": ""413 125th Street"", ""city"": ""New York"", ""state"": ""NEW YORK"", ""zip"": ""10027""}'}",12424.0,37.0,4.0,23.0,17.0
After-School Programs,High School,Public School 161,Brooklyn,Caribbean American Sports & Cultural Youth Movement,718.774.7977,High School,330 Crown Street,11225,40.666181,-73.949013,9.0,35.0,319.0,3034181.0,3012970026.0,Crown Heights South                                                        ,"{'latitude': '40.666155645661', 'longitude': '-73.94885261044', 'human_address': '{""address"": ""330 Crown Street"", ""city"": ""Brooklyn"", ""state"": ""NEW YORK"", ""zip"": ""11225""}'}",13509.0,17.0,2.0,48.0,44.0
After-School Programs,High School,Ralph Lincoln Service Center ,Brooklyn,"Ralph Lincoln Service Center, Inc.",718.604.1358,High School,261 Buffalo Avenue,11213,40.669991,-73.925427,8.0,41.0,359.0,3037201.0,3013870007.0,Crown Heights North                                                        ,"{'latitude': '40.67003864097', 'longitude': '-73.92540014432', 'human_address': '{""address"": ""261 Buffalo Avenue"", ""city"": ""Brooklyn"", ""state"": ""NEW YORK"", ""zip"": ""11213""}'}",13516.0,16.0,2.0,17.0,49.0
After-School Programs,High School,"Unity Neighborhood Center, Inc.",Bronx,"Unity Neighborhood Center, Inc.",718.994.8400,High School,3410 DeReiner Avenue,10475,,,,,,,,,"{'latitude': '40.879602192154', 'longitude': '-73.836663182984', 'human_address': '{""address"": ""3410 DeReiner Avenue"", ""city"": ""Bronx"", ""state"": ""NEW YORK"", ""zip"": ""10475""}'}",12344.0,29.0,5.0,2.0,30.0
After-School Programs,High School,Intermediate School 43 ,Queens,Federation Employment & Guidance Services (FEGS),212.366.8401,,160 Beach 29th Street,11691,40.593834,-73.76174,14.0,31.0,99802.0,4467711.0,4158200001.0,Far Rockaway-Bayswater                                                     ,"{'latitude': '40.594515128003', 'longitude': '-73.761826540295', 'human_address': '{""address"": ""160 Beach 29th Street"", ""city"": ""Queens"", ""state"": ""NEW YORK"", ""zip"": ""11691""}'}",20529.0,51.0,3.0,47.0,59.0
After-School Programs,High School,Junior High School 117 - Joseph H. Wade School,Bronx,Community Association of Progressive Dominicans,212.781.5500,High School,1865 Morris Avenue,10453,40.848516,-73.908427,5.0,14.0,23301.0,2007902.0,2028270001.0,Mount Hope                                                                 ,"{'latitude': '40.848548418407', 'longitude': '-73.908435068196', 'human_address': '{""address"": ""1865 Morris Avenue"", ""city"": ""Bronx"", ""state"": ""NEW YORK"", ""zip"": ""10453""}'}",10931.0,6.0,5.0,29.0,29.0
After-School Programs,High School,Rockaway Development & Revitalization Corporation,Queens,Rockaway Development & Revitalization Corporation,718.327.5300,,1920 Mott Avenue,11691,40.603907,-73.752262,14.0,31.0,103202.0,4457760.0,4155590012.0,Far Rockaway-Bayswater                                                     ,"{'latitude': '40.603879525424', 'longitude': '-73.752178931552', 'human_address': '{""address"": ""1920 Mott Avenue"", ""city"": ""Queens"", ""state"": ""NEW YORK"", ""zip"": ""11691""}'}",20529.0,51.0,3.0,47.0,59.0
After-School Programs,High School,Harlem PAL Community Center,New York,"Police Athletic League, Inc.",212 665.8699,High School,441 Manhattan Avenue,10026,40.806654,-73.955649,10.0,9.0,257.0,1088138.0,1019450051.0,Central Harlem South                                                       ,"{'latitude': '40.806694644425', 'longitude': '-73.955618643362', 'human_address': '{""address"": ""441 Manhattan Avenue"", ""city"": ""New York"", ""state"": ""NEW YORK"", ""zip"": ""10026""}'}",12423.0,18.0,4.0,36.0,18.0
After-School Programs,High School,New Visions Abstinence Education Program,Queens,"Catholic Charities Neighborhood Services, Inc.",718.726.9790,High School,161-06 89th Avenue,11432,40.706432,-73.799808,12.0,24.0,44601.0,4440105.0,4097600031.0,Jamaica                                                                    ,"{'latitude': '40.71311535449', 'longitude': '-73.792820999789', 'human_address': '{""address"": ""161 06 89th Avenue"", ""city"": ""Queens"", ""state"": ""NEW YORK"", ""zip"": ""11432""}'}",24340.0,25.0,3.0,24.0,65.0
After-School Programs,High School,"Grand Street Settlement, Inc. ",New York,"Grand Street Settlement, Inc.",212.674.1740,High School,80 Pitt Street,10002,40.718328,-73.98245,3.0,2.0,2201.0,1084357.0,1003380001.0,Lower East Side                                                            ,"{'latitude': '40.718892797837', 'longitude': '-73.982159024877', 'human_address': '{""address"": ""80 Pitt Street"", ""city"": ""New York"", ""state"": ""NEW YORK"", ""zip"": ""10002""}'}",11723.0,70.0,4.0,50.0,4.0
After-School Programs,High School,K577 Conselyea Preparatory School,Brooklyn,"Sports and Arts In Schools Foundation, Inc.",718.786.7110,High School,320 Manhattan Avenue,11211,40.71466,-73.946108,1.0,34.0,497.0,3068728.0,3027590001.0,East Williamsburg                                                          ,"{'latitude': '40.714638333324', 'longitude': '-73.946073207624', 'human_address': '{""address"": ""320 Manhattan Avenue"", ""city"": ""Brooklyn"", ""state"": ""NEW YORK"", ""zip"": ""11211""}'}",17613.0,36.0,2.0,30.0,57.0
After-School Programs,High School,Public School 260 - Breuckelen Elementary School,Brooklyn,"Groundwork Inc,",7118 346.2200,High School,875 Williams Avenue,11207,40.654031,-73.894854,18.0,42.0,982.0,3229155.0,3081580035.0,Canarsie                                                                   ,"{'latitude': '40.654016736913', 'longitude': '-73.894829659974', 'human_address': '{""address"": ""875 Williams Avenue"", ""city"": ""Brooklyn"", ""state"": ""NEW YORK"", ""zip"": ""11207""}'}",17214.0,5.0,2.0,25.0,42.0
After-School Programs,High School,Intermediate School 68 - Isaac Bildersee School,Brooklyn,"Sesame Flyers International, Inc.",718.693.0500,,956 East 82nd Street,11236,40.635553,-73.91079,18.0,46.0,956.0,3224947.0,3080180001.0,Canarsie                                                                   ,"{'latitude': '40.635491677837', 'longitude': '-73.910761051161', 'human_address': '{""address"": ""956 82nd Street"", ""city"": ""Brooklyn"", ""state"": ""NEW YORK"", ""zip"": ""11236""}'}",13827.0,5.0,2.0,8.0,42.0
After-School Programs,High School,Seward Park High School - H.S. 445 ,New York,Chinese American Planning Council,212.941.0920,High School,350 Grand Street,10002,40.716778,-73.989337,3.0,1.0,18.0,1005283.0,1004080030.0,Chinatown                                                                  ,"{'latitude': '40.716852373698', 'longitude': '-73.989595029629', 'human_address': '{""address"": ""350 Grand Street"", ""city"": ""New York"", ""state"": ""NEW YORK"", ""zip"": ""10002""}'}",11723.0,70.0,4.0,32.0,4.0
After-School Programs,High School,Intermediate School 232 - WInthrop School,Brooklyn,"Sesame Flyers International, Inc.",718.693.0500,,905 Winthrop Street,11203,40.65843,-73.929076,17.0,41.0,880.0,3099733.0,3046060025.0,Prospect Lefferts Gardens-Wingate                                          ,"{'latitude': '40.658451422174', 'longitude': '-73.929131359882', 'human_address': '{""address"": ""905 Winthrop Street"", ""city"": ""Brooklyn"", ""state"": ""NEW YORK"", ""zip"": ""11203""}'}",16866.0,61.0,2.0,17.0,40.0
After-School Programs,High School,Mullaly Academy ,Bronx,Supportive Childrens Advocacy Network (SCAN),212.683.2522,High School,40 East 164th Street,10450,40.830951,-73.925077,4.0,16.0,63.0,2116393.0,2024930009.0,West Concourse                                                             ,"{'latitude': '40.830483836308', 'longitude': '-73.923788925785', 'human_address': '{""address"": ""40 164th Street"", ""city"": ""Bronx"", ""state"": ""NEW YORK"", ""zip"": ""10450""}'}",10930.0,50.0,5.0,35.0,27.0
After-School Programs,High School,Bronx International H.S.,Bronx,Bronx Arts Ensemble,718.601.7399,High School,1100 Boston Road,10456,40.827514,-73.904622,3.0,16.0,135.0,2004526.0,2026340001.0,Morrisania-Melrose                                                         ,"{'latitude': '40.827438058055', 'longitude': '-73.904676763458', 'human_address': '{""address"": ""1100 Boston Road"", ""city"": ""Bronx"", ""state"": ""NEW YORK"", ""zip"": ""10456""}'}",10934.0,34.0,5.0,42.0,25.0
After-School Programs,High School,SCO Family of Services,Brooklyn,SCO Family of Services,718.455.1166,,75 Lewis Avenue,11206,40.694962,-73.937422,3.0,36.0,287.0,3379533.0,3015920001.0,Stuyvesant Heights                                                         ,"{'latitude': '40.695007999414', 'longitude': '-73.937422302529', 'human_address': '{""address"": ""75 Lewis Avenue"", ""city"": ""Brooklyn"", ""state"": ""NEW YORK"", ""zip"": ""11206""}'}",17213.0,69.0,2.0,49.0,52.0
After-School Programs,High School,Middle School 203,Bronx,"East Side House, Inc.",718.665.5250,High School,339 Morris Avenue,10451,40.813641,-73.925313,1.0,8.0,51.0,2000957.0,2023330070.0,Mott Haven-Port Morris                                                     ,"{'latitude': '40.813386726364', 'longitude': '-73.92553701094', 'human_address': '{""address"": ""339 Morris Avenue"", ""city"": ""Bronx"", ""state"": ""NEW YORK"", ""zip"": ""10451""}'}",10929.0,49.0,5.0,35.0,23.0
After-School Programs,High School,"Mid-Bronx Council Services, Inc.",Bronx,"Mid-Bronx Council Services, Inc.",718.588.8200,,1125 Grand Concourse,10452,40.832627,-73.919398,4.0,16.0,195.0,2002893.0,2024720034.0,West Concourse                                                             ,"{'latitude': '40.837724263364', 'longitude': '-73.923332211412', 'human_address': '{""address"": ""1125 Grand"", ""city"": ""Bronx"", ""state"": ""NEW YORK"", ""zip"": ""10452""}'}",10930.0,50.0,5.0,42.0,27.0
After-School Programs,High School,Public School 4 - Duke Ellington School,New York,"Community League of the Heights, Inc",212.795.4779,High School,500 West 160th Street,10032,40.834899,-73.941085,12.0,7.0,245.0,1062792.0,1021180022.0,Washington Heights South                                                   ,"{'latitude': '40.834727600747', 'longitude': '-73.940717802375', 'human_address': '{""address"": ""500 160th Street"", ""city"": ""New York"", ""state"": ""NEW YORK"", ""zip"": ""10032""}'}",13090.0,47.0,4.0,23.0,21.0
After-School Programs,High School,St. Stephen Outreach Inc.,Brooklyn,St. Stephen Outreach Inc.,718.384.8854,High School,874 Myrtle Ave,11206,40.695579,-73.947375,3.0,36.0,25901.0,3048641.0,3017550032.0,Bedford                                                                    ,"{'latitude': '40.695576730553', 'longitude': '-73.947239332629', 'human_address': '{""address"": ""874 Myrtle Ave"", ""city"": ""Brooklyn"", ""state"": ""NEW YORK"", ""zip"": ""11206""}'}",17213.0,69.0,2.0,49.0,51.0
After-School Programs,High School,Phipps West Farms Career Center,Bronx,Phipps Community Development,212.243.9090,High School,1030 East 178th Street,10460,40.841154,-73.879864,6.0,15.0,361.0,2013245.0,2031300100.0,East Tremont                                                               ,"{'latitude': '40.841345048101', 'longitude': '-73.880303879158', 'human_address': '{""address"": ""1030 178th Street"", ""city"": ""Bronx"", ""state"": ""NEW YORK"", ""zip"": ""10460""}'}",11269.0,35.0,5.0,22.0,31.0
After-School Programs,High School,Public School 89 ,Bronx,Reading Excellence and Discovery (READ) Foundation,212.849.6840,High School,980 Mace Avenue,10469,40.863055,-73.859387,11.0,13.0,324.0,2051571.0,2044440016.0,Bronxdale                                                                  ,"{'latitude': '40.863037136786', 'longitude': '-73.859406213982', 'human_address': '{""address"": ""980 Mace Avenue"", ""city"": ""Bronx"", ""state"": ""NEW YORK"", ""zip"": ""10469""}'}",11607.0,59.0,5.0,12.0,32.0
After-School Programs,High School,Woodycrest Center,Bronx,Woodycrest Center For Human Development,718.992.2178,,153 West 165th Street,10452,40.834544,-73.928932,4.0,8.0,193.0,2003478.0,2025260034.0,Highbridge                                                                 ,"{'latitude': '40.83108457688', 'longitude': '-73.920857534442', 'human_address': '{""address"": ""153 165th Street"", ""city"": ""Bronx"", ""state"": ""NEW YORK"", ""zip"": ""10452""}'}",10930.0,50.0,5.0,42.0,27.0
After-School Programs,High School,Henry Street Settlement,New York,Henry Street Settlement,212.766.9200,High School,301 Henry Street,10002,40.714054,-73.982797,3.0,1.0,202.0,1003737.0,1002880021.0,Lower East Side                                                            ,"{'latitude': '40.71399949306', 'longitude': '-73.983398773047', 'human_address': '{""address"": ""301 Henry Street"", ""city"": ""New York"", ""state"": ""NEW YORK"", ""zip"": ""10002""}'}",11723.0,70.0,4.0,32.0,4.0
After-School Programs,High School,St. Stephen Outreach,Brooklyn,St. Stephen Outreach,718.384.8854,,874 Myrtle Avenue,11206,40.695579,-73.947375,3.0,36.0,25901.0,3048641.0,3017550032.0,Bedford                                                                    ,"{'latitude': '40.695576730553', 'longitude': '-73.947239332629', 'human_address': '{""address"": ""874 Myrtle Avenue"", ""city"": ""Brooklyn"", ""state"": ""NEW YORK"", ""zip"": ""11206""}'}",17213.0,69.0,2.0,49.0,51.0
After-School Programs,High School,St Raymond Grammar School Annex,Bronx,St. Raymond Community Outreach,718.824.0353,High School,1725 Castle Hill Avenue,10462,40.840999,-73.853094,9.0,18.0,21001.0,2041260.0,2039580140.0,Parkchester                                                                ,"{'latitude': '40.841029569022', 'longitude': '-73.853121849806', 'human_address': '{""address"": ""1725 Castle Hill Avenue"", ""city"": ""Bronx"", ""state"": ""NEW YORK"", ""zip"": ""10462""}'}",11271.0,58.0,5.0,31.0,26.0
After-School Programs,High School,Asian Outreach Clinic,Queens,The Child Center of NY,718.458.4243,High School,87-08 Justice Avenue,11373,40.737456,-73.876222,4.0,25.0,473.0,4045404.0,4018427501.0,Elmhurst                                                                   ,"{'latitude': '40.738710402563', 'longitude': '-73.878351155182', 'human_address': '{""address"": ""87 08 Justice Avenue"", ""city"": ""Queens"", ""state"": ""NEW YORK"", ""zip"": ""11373""}'}",14784.0,66.0,3.0,5.0,68.0
After-School Programs,High School,Flatbush Development Corp.,Brooklyn,Flatbush Development Corporation                            ,718.859.4763,,1616 Newkirk Avenue,11226,40.63604,-73.962241,14.0,40.0,518.0,3121203.0,3052370006.0,Flatbush                                                                   ,"{'latitude': '40.63599627408', 'longitude': '-73.962302128878', 'human_address': '{""address"": ""1616 Newkirk Avenue"", ""city"": ""Brooklyn"", ""state"": ""NEW YORK"", ""zip"": ""11226""}'}",13510.0,60.0,2.0,11.0,43.0
After-School Programs,High School,New Settlement Apartments,Bronx,New Settlement Apartments,718.716.8000,High School,1512 Townsend Avenue,10452,40.842478,-73.914915,4.0,14.0,209.0,2092057.0,2028450007.0,West Concourse                                                             ,"{'latitude': '40.842289963686', 'longitude': '-73.915026305893', 'human_address': '{""address"": ""1512 Townsend Avenue"", ""city"": ""Bronx"", ""state"": ""NEW YORK"", ""zip"": ""10452""}'}",10930.0,50.0,5.0,29.0,27.0
After-School Programs,High School,Harlem RBI (Reviving Baseball in Inner Cities),New York,Harlem RBI (Reviving Baseball in Inner Cities),212.722.1608,,333 East 100 Street,10029,40.786209,-73.943789,11.0,8.0,164.0,1087440.0,1016720017.0,East Harlem South                                                          ,"{'latitude': '40.786495147586', 'longitude': '-73.944398806435', 'human_address': '{""address"": ""333 100 Street"", ""city"": ""New York"", ""state"": ""NEW YORK"", ""zip"": ""10029""}'}",12426.0,7.0,4.0,35.0,14.0
After-School Programs,High School,LaGuardia Memorial House,New York,Supportive Childrens Advocacy Network (SCAN),212.683.2522,High School,307 East 116th Street,10029,40.796935,-73.93759,11.0,8.0,188.0,1079357.0,1016880045.0,East Harlem North                                                          ,"{'latitude': '40.796945376281', 'longitude': '-73.937551616236', 'human_address': '{""address"": ""307 116th Street"", ""city"": ""New York"", ""state"": ""NEW YORK"", ""zip"": ""10029""}'}",13093.0,7.0,4.0,35.0,16.0
After-School Programs,High School,Flatbush Development Corporation,Brooklyn,Flatbush Development Corporation,718.859.3800,,1616 Newkirk Avenue,11226,40.63604,-73.962241,14.0,40.0,518.0,3121203.0,3052370006.0,Flatbush                                                                   ,"{'latitude': '40.63599627408', 'longitude': '-73.962302128878', 'human_address': '{""address"": ""1616 Newkirk Avenue"", ""city"": ""Brooklyn"", ""state"": ""NEW YORK"", ""zip"": ""11226""}'}",13510.0,60.0,2.0,11.0,43.0
After-School Programs,High School,Miccio Center ,Brooklyn,"Police Athletic League, Inc.",212.477.9450,,110 West 9th Street,11231,40.676024,-74.002318,6.0,38.0,85.0,3339411.0,3005380001.0,Carroll Gardens-Columbia Street-Red Hook                                   ,"{'latitude': '40.67578212491', 'longitude': '-74.001523292383', 'human_address': '{""address"": ""110 9th Street"", ""city"": ""Brooklyn"", ""state"": ""NEW YORK"", ""zip"": ""11231""}'}",13514.0,14.0,2.0,7.0,48.0
After-School Programs,High School,"Riverdale Neighborhood House, Inc.",Bronx,"Riverdale Neighborhood House, Inc.",718.549.8100,,5521 Mosholu Avenue,10471,40.903039,-73.90375,8.0,11.0,337.0,2119685.0,2058501585.0,North Riverdale-Fieldston-Riverdale                                        ,"{'latitude': '40.902965724328', 'longitude': '-73.9038424045', 'human_address': '{""address"": ""5521 Mosholu Avenue"", ""city"": ""Bronx"", ""state"": ""NEW YORK"", ""zip"": ""10471""}'}",11609.0,48.0,5.0,40.0,33.0
After-School Programs,High School,Public School 94 - Henry Longfellow Elementary School,Brooklyn,Brooklyn Chinese American Association,718.438.9312,High School,5010 6th Avenue,11220,40.64366,-74.008252,7.0,38.0,98.0,3332126.0,3007920026.0,Sunset Park East                                                           ,"{'latitude': '40.643728173956', 'longitude': '-74.008206095721', 'human_address': '{""address"": ""5010 6th Avenue"", ""city"": ""Brooklyn"", ""state"": ""NEW YORK"", ""zip"": ""11220""}'}",18180.0,9.0,2.0,7.0,45.0
After-School Programs,High School,"Claremont Neighborhood Centers, Inc.",Bronx,"Claremont Neighborhood Centers, Inc.",718.588.1000,,489 East 169th Street,10456,40.832965,-73.905669,3.0,16.0,14701.0,2092082.0,2029100001.0,Claremont-Bathgate                                                         ,"{'latitude': '40.833009438875', 'longitude': '-73.905735217316', 'human_address': '{""address"": ""489 169th Street"", ""city"": ""Bronx"", ""state"": ""NEW YORK"", ""zip"": ""10456""}'}",10934.0,34.0,5.0,42.0,25.0
After-School Programs,High School,Martha Udell Early Childhood Academy,Brooklyn,Faith Hope and Charity,718.649.8610,High School,505 St. Marks Avenue,11238,40.676277,-73.95769,8.0,35.0,305.0,3028319.0,3011490072.0,Crown Heights North                                                        ,"{'latitude': '40.676264287477', 'longitude': '-73.957453266333', 'human_address': '{""address"": ""505 St Marks Avenue"", ""city"": ""Brooklyn"", ""state"": ""NEW YORK"", ""zip"": ""11238""}'}",13829.0,16.0,2.0,48.0,49.0
After-School Programs,High School,St. Dominic's School ,Bronx,Reading Excellence and Discovery (READ) Foundation,212.849.6840,High School,1684 White Plains Road,10462,40.843523,-73.865496,11.0,13.0,238.0,2097571.0,2040370001.0,Van Nest-Morris Park-Westchester Square                                    ,"{'latitude': '40.843529284683', 'longitude': '-73.865475170873', 'human_address': '{""address"": ""1684 White Plains Road"", ""city"": ""Bronx"", ""state"": ""NEW YORK"", ""zip"": ""10462""}'}",11271.0,59.0,5.0,12.0,32.0
After-School Programs,High School,"Southeast Bronx Neighborhood Center, Inc. (SEBNC)",Bronx,"Southeast Bronx Neighborhood Center, Inc. (SEBNC)",718.542.2727,,751 East 163rd Street,10456,40.822935,-73.904021,3.0,16.0,133.0,,,Morrisania-Melrose                                                         ,"{'latitude': '40.822935441102', 'longitude': '-73.903938061911', 'human_address': '{""address"": ""751 163rd Street"", ""city"": ""Bronx"", ""state"": ""NEW YORK"", ""zip"": ""10456""}'}",10934.0,34.0,5.0,42.0,25.0
After-School Programs,High School,"Project Care of Brooklyn, Inc",Brooklyn,"Project Care of Brooklyn, Inc",718.387.4500,,164 Clymer Street,11211,40.706902,-73.963077,1.0,33.0,535.0,3059866.0,3021730016.0,Williamsburg                                                               ,"{'latitude': '40.706632200839', 'longitude': '-73.963450637046', 'human_address': '{""address"": ""164 Clymer Street"", ""city"": ""Brooklyn"", ""state"": ""NEW YORK"", ""zip"": ""11211""}'}",17613.0,36.0,2.0,38.0,56.0
After-School Programs,High School,"The East New York Learning Center, Inc",Brooklyn,"The East New York Learning Center, Inc",718.345.4775,High School,1495 Herkimer Street,11233,40.67715,-73.903953,16.0,37.0,367.0,3042309.0,3015540016.0,Ocean Hill                                                                 ,"{'latitude': '40.677165928285', 'longitude': '-73.904009132322', 'human_address': '{""address"": ""1495 Herkimer Street"", ""city"": ""Brooklyn"", ""state"": ""NEW YORK"", ""zip"": ""11233""}'}",13516.0,55.0,2.0,37.0,46.0
After-School Programs,High School,"Concord Family Services, Inc.",Brooklyn,"Concord Family Services, Inc.",718.398.3499,,583-593 Vermont Street,11207,40.664807,-73.892065,5.0,42.0,1126.0,3400390.0,3038250021.0,East New York (Pennsylvania Ave)                                           ,"{'latitude': '40.670802431187', 'longitude': '-73.893841150049', 'human_address': '{""address"": ""583 593 Vermont Street"", ""city"": ""Brooklyn"", ""state"": ""NEW YORK"", ""zip"": ""11207""}'}",17214.0,45.0,2.0,25.0,47.0
After-School Programs,High School,Transfiguration School,Brooklyn,"Southside Community Mission, Inc.",718.782.8181,High School,250 Hooper Street,11211,40.705898,-73.955611,1.0,33.0,529.0,3379706.0,3022070002.0,Williamsburg                                                               ,"{'latitude': '40.705817851705', 'longitude': '-73.955664076834', 'human_address': '{""address"": ""250 Hooper Street"", ""city"": ""Brooklyn"", ""state"": ""NEW YORK"", ""zip"": ""11211""}'}",17613.0,36.0,2.0,38.0,56.0
After-School Programs,High School,Junior High School 258 (K) - David Ruggles School ,Brooklyn,"Vannguard Urban Improvement Association, Inc.",718.453.3330,,141 Macon Street,11216,40.681572,-73.945446,3.0,36.0,269.0,3053075.0,3018450001.0,Bedford                                                                    ,"{'latitude': '40.681569834988', 'longitude': '-73.945596139676', 'human_address': '{""address"": ""141 Macon Street"", ""city"": ""Brooklyn"", ""state"": ""NEW YORK"", ""zip"": ""11216""}'}",17618.0,69.0,2.0,49.0,51.0
After-School Programs,High School,Wildcat High School,Bronx,Wildcat Service Corporation,718 620.0748,High School,1231 Lafayette Avenue,10474,40.816486,-73.890277,2.0,17.0,93.0,2005939.0,2027390015.0,Hunts Point                                                                ,"{'latitude': '40.816553883224', 'longitude': '-73.890202479365', 'human_address': '{""address"": ""1231 Lafayette Avenue"", ""city"": ""Bronx"", ""state"": ""NEW YORK"", ""zip"": ""10474""}'}",12343.0,8.0,5.0,43.0,24.0
After-School Programs,High School,Samuel J. Tilden High School - H.S. 415,Brooklyn,"Church Avenue Merchants Block Association, Inc.",718.629.4523,,5800 Tilden Avenue,11203,40.648657,-73.922171,17.0,45.0,936.0,3104598.0,3047420001.0,Rugby-Remsen Village                                                       ,"{'latitude': '40.648631368632', 'longitude': '-73.922285497256', 'human_address': '{""address"": ""5800 Tilden Avenue"", ""city"": ""Brooklyn"", ""state"": ""NEW YORK"", ""zip"": ""11203""}'}",16866.0,61.0,2.0,26.0,40.0
After-School Programs,High School,Intermediate School 43,Queens,Federation Employment & Guidance Services (FEGS),718.471.7875,High School,160 Beach 29th Street,11691,40.593834,-73.76174,14.0,31.0,99802.0,4467711.0,4158200001.0,Far Rockaway-Bayswater                                                     ,"{'latitude': '40.594515128003', 'longitude': '-73.761826540295', 'human_address': '{""address"": ""160 Beach 29th Street"", ""city"": ""Queens"", ""state"": ""NEW YORK"", ""zip"": ""11691""}'}",20529.0,51.0,3.0,47.0,59.0
After-School Programs,High School,"Loisaida, Inc.",New York,"Loisaida, Inc.",212.353.0272,High School,710 East 9th Street,10009,40.725093,-73.977534,3.0,2.0,2602.0,1004530.0,1003780010.0,Lower East Side                                                            ,"{'latitude': '40.725137287259', 'longitude': '-73.977695683633', 'human_address': '{""address"": ""710 9th Street"", ""city"": ""New York"", ""state"": ""NEW YORK"", ""zip"": ""10009""}'}",11729.0,70.0,4.0,50.0,5.0
After-School Programs,High School,Citizens Advice Bureau / Girls Club of New York,Bronx,"Citizens Advice Bureau, Inc.",718.293.0727,High School,1130 Grand Concourse,10456,40.832331,-73.91959,4.0,16.0,18102.0,2002833.0,2024620042.0,East Concourse-Concourse Village                                           ,"{'latitude': '40.831694143639', 'longitude': '-73.916041046959', 'human_address': '{""address"": ""1130 Grand"", ""city"": ""Bronx"", ""state"": ""NEW YORK"", ""zip"": ""10456""}'}",10934.0,50.0,5.0,42.0,27.0
After-School Programs,High School,Community Association of Progressive Dominicans,Bronx,Community Association of Progressive Dominicans,212.781.5500,High School,1865 Morris Avenue,10453,40.848516,-73.908427,5.0,14.0,23301.0,2007902.0,2028270001.0,Mount Hope                                                                 ,"{'latitude': '40.848548418407', 'longitude': '-73.908435068196', 'human_address': '{""address"": ""1865 Morris Avenue"", ""city"": ""Bronx"", ""state"": ""NEW YORK"", ""zip"": ""10453""}'}",10931.0,6.0,5.0,29.0,29.0
After-School Programs,High School,Police Athletic League #1A (PAL) ,Brooklyn,"Police Athletic League, Inc.",212.477.9450,,127 Pennsylvania Avenue,11207,40.674814,-73.896606,5.0,37.0,1198.0,3083515.0,3036870001.0,East New York                                                              ,"{'latitude': '40.674740211809', 'longitude': '-73.896576353025', 'human_address': '{""address"": ""127 Pennsylvania Avenue"", ""city"": ""Brooklyn"", ""state"": ""NEW YORK"", ""zip"": ""11207""}'}",17214.0,45.0,2.0,37.0,47.0
After-School Programs,High School,Secondary School of Law Research & Journalism ,Brooklyn,"Project Reach Youth, Inc.",718.768.0778,High School,237 7th Avenue,11215,40.669629,-73.979287,6.0,39.0,155.0,3025510.0,3010820001.0,Park Slope-Gowanus                                                         ,"{'latitude': '40.669623280409', 'longitude': '-73.979240969103', 'human_address': '{""address"": ""237 7th Avenue"", ""city"": ""Brooklyn"", ""state"": ""NEW YORK"", ""zip"": ""11215""}'}",17617.0,14.0,2.0,27.0,50.0
After-School Programs,High School,Henry Street School for International Studies,New York,"Loisaida, Inc.",212.353.0272,High School,220 Henry Street,10002,40.713684,-73.986336,3.0,1.0,201.0,1003223.0,1002690041.0,Lower East Side                                                            ,"{'latitude': '40.713663660512', 'longitude': '-73.986511242953', 'human_address': '{""address"": ""220 Henry Street"", ""city"": ""New York"", ""state"": ""NEW YORK"", ""zip"": ""10002""}'}",11723.0,70.0,4.0,32.0,4.0
After-School Programs,High School,Rafael Academy School ,Bronx,"Simpson Street Development Association, Inc.",718.589.1510,,977 Fox Street,10459,40.822443,-73.893902,2.0,17.0,159.0,2005660.0,2027140004.0,Hunts Point                                                                ,"{'latitude': '40.822428225918', 'longitude': '-73.89392410103', 'human_address': '{""address"": ""977 Fox Street"", ""city"": ""Bronx"", ""state"": ""NEW YORK"", ""zip"": ""10459""}'}",10937.0,8.0,5.0,43.0,24.0
After-School Programs,High School,Central Harlem Services,New York,"Northside Center For Child Development, Inc.",212.426.3400,High School,247-249 West 135th Street,10030,40.815905,-73.945101,10.0,9.0,228.0,1082378.0,1019410001.0,Central Harlem North-Polo Grounds                                          ,"{'latitude': '40.818435176043', 'longitude': '-73.942765303576', 'human_address': '{""address"": ""247 249 West 135th Street"", ""city"": ""New York"", ""state"": ""NEW YORK"", ""zip"": ""10030""}'}",12427.0,18.0,4.0,36.0,20.0
After-School Programs,High School,"STEPS, Inc ",New York,"Support For Training and Educational Services, Inc.",212.831.9080,,1325 5th Avenue,10029,40.797706,-73.948608,11.0,9.0,17402.0,1086046.0,1016170001.0,East Harlem South                                                          ,"{'latitude': '40.797578953153', 'longitude': '-73.948664533901', 'human_address': '{""address"": ""1325 5th Avenue"", ""city"": ""New York"", ""state"": ""NEW YORK"", ""zip"": ""10029""}'}",12426.0,7.0,4.0,36.0,14.0
After-School Programs,High School,Southside Community Mission,Brooklyn,"Southside Community Mission, Inc.                           ",718.541.9555,High School,280 Marcy Avenue,11211,40.705055,-73.955919,1.0,33.0,533.0,3060375.0,3022060034.0,Williamsburg                                                               ,"{'latitude': '40.704994493888', 'longitude': '-73.95589166068', 'human_address': '{""address"": ""280 Marcy Avenue"", ""city"": ""Brooklyn"", ""state"": ""NEW YORK"", ""zip"": ""11211""}'}",17613.0,36.0,2.0,38.0,56.0
After-School Programs,High School,Public School 314 - Luis Munoz Marin Elementary School,Brooklyn,Turning Point,718.439.0077,High School,330 59th Street,11220,40.642121,-74.018997,7.0,38.0,74.0,3016258.0,3008620012.0,Sunset Park West                                                           ,"{'latitude': '40.642201614799', 'longitude': '-74.019175801725', 'human_address': '{""address"": ""330 59th Street"", ""city"": ""Brooklyn"", ""state"": ""NEW YORK"", ""zip"": ""11220""}'}",18180.0,9.0,2.0,7.0,45.0
After-School Programs,High School,"Jewish Community Center of Staten Island, Inc.",Staten Island,"Jewish Community Center of Staten Island, Inc.",718.981.1500,High School,475 Victory Boulevard,10301,40.630635,-74.088475,1.0,49.0,75.0,5002887.0,5001200112.0,New Brighton-Silver Lake                                                   ,"{'latitude': '40.630627751644', 'longitude': '-74.088519564089', 'human_address': '{""address"": ""475 Victory Boulevard Staten Island"", ""city"": ""NEW YORK"", ""state"": """", ""zip"": ""10301""}'}",10369.0,4.0,1.0,13.0,74.0
After-School Programs,High School,P.S. 92,Queens,La Asociacin Benfica Cultural Father Billini,718.651.8427,High School, 99-01 34th Ave,11368,40.755418,-73.869017,3.0,21.0,377.0,4042496.0,4017140018.0,North Corona                                                               ,"{'latitude': '40.749678220374', 'longitude': '-73.853040688577', 'human_address': '{""address"": ""99 01 34th Ave"", ""city"": ""Queens"", ""state"": ""NEW YORK"", ""zip"": ""11368""}'}",14510.0,66.0,3.0,21.0,68.0
After-School Programs,High School,Intermediate School 96 - Seth Low School ,Brooklyn,Federation of Italian-American Organizations of Brooklyn,718.259.2829,High School,99 Avenue P,11204,40.60754,-73.984661,11.0,44.0,430.0,3174076.0,3065950033.0,Bensonhurst East                                                           ,"{'latitude': '40.619055848049', 'longitude': '-73.984798598876', 'human_address': '{""address"": ""99 Avenue"", ""city"": ""Brooklyn"", ""state"": ""NEW YORK"", ""zip"": ""11204""}'}",16867.0,1.0,2.0,45.0,37.0
After-School Programs,High School,Make the Road New York -Brooklyn,Brooklyn,Make the Road New York,718.418.7690 ,High School,301 Grove Street,11237,40.698448,-73.915629,4.0,37.0,433.0,3075926.0,3033170041.0,Bushwick North                                                             ,"{'latitude': '40.698428502523', 'longitude': '-73.915623474994', 'human_address': '{""address"": ""301 Grove Street"", ""city"": ""Brooklyn"", ""state"": ""NEW YORK"", ""zip"": ""11237""}'}",13828.0,42.0,2.0,37.0,53.0
After-School Programs,High School,Oasis Community Corporation,Brooklyn,Oasis Community Corporation,718.596.4900,High School,180 Chauncey Street,11233,40.680727,-73.926597,3.0,36.0,381.0,3047914.0,3016920017.0,Crown Heights North                                                        ,"{'latitude': '40.680598605112', 'longitude': '-73.9274984332', 'human_address': '{""address"": ""180 Chauncey Street"", ""city"": ""Brooklyn"", ""state"": ""NEW YORK"", ""zip"": ""11233""}'}",13516.0,69.0,2.0,49.0,52.0
After-School Programs,High School,Public School 173 ,New York,"Childrens Arts & Science Workshops, Inc.",212.923.7766,High School,306 Fort Washington,10033,,,,,,,,,"{'latitude': '40.856219929206', 'longitude': '-73.945859000193', 'human_address': '{""address"": ""306 Fort"", ""city"": ""New York"", ""state"": ""NEW YORK"", ""zip"": ""10033""}'}",,,,,
After-School Programs,High School,Mott Hall Bronx H.S.,Bronx,South Bronx Overall Economic Development Corp.,718.585.2600,High School,1595 Bathgate Avenue,10457,40.839244,-73.901316,3.0,16.0,167.0,2009555.0,2029130001.0,Claremont-Bathgate                                                         ,"{'latitude': '40.839639584081', 'longitude': '-73.90113044101', 'human_address': '{""address"": ""1595 Bathgate Avenue"", ""city"": ""Bronx"", ""state"": ""NEW YORK"", ""zip"": ""10457""}'}",10935.0,34.0,5.0,42.0,25.0
After-School Programs,High School,Public School 247,Brooklyn,St. Rosalia-Regina Pacis Neighborhood Improvement,718.236.5266,High School,7000 21st Avenue,11204,40.612273,-73.986713,11.0,47.0,258.0,3157466.0,3061740036.0,Bensonhurst West                                                           ,"{'latitude': '40.612350730897', 'longitude': '-73.986664031314', 'human_address': '{""address"": ""7000 21st Avenue"", ""city"": ""Brooklyn"", ""state"": ""NEW YORK"", ""zip"": ""11204""}'}",16867.0,1.0,2.0,45.0,37.0
After-School Programs,High School,Prospect Heights High School - H.S. 440,Brooklyn,Research Foundation of CUNY,718.951.5015,High School,883 Classon Avenue,11225,40.670349,-73.961695,9.0,35.0,213.0,3029686.0,3011870001.0,Crown Heights South                                                        ,"{'latitude': '40.670458657699', 'longitude': '-73.961628275734', 'human_address': '{""address"": ""883 Classon Avenue"", ""city"": ""Brooklyn"", ""state"": ""NEW YORK"", ""zip"": ""11225""}'}",13509.0,17.0,2.0,48.0,44.0
After-School Programs,High School,Public School 122 - Mamie Fay Elementary School ,Queens,"Sports and Arts In Schools Foundation, Inc.",718.417.8135,High School,21-21 Ditmars Boulevard,11105,40.780347,-73.916655,1.0,22.0,103.0,4019633.0,4008800001.0,Steinway                                                                   ,"{'latitude': '40.780092072491', 'longitude': '-73.90960650024', 'human_address': '{""address"": ""21 21 Ditmars Boulevard"", ""city"": ""Queens"", ""state"": ""NEW YORK"", ""zip"": ""11105""}'}",16862.0,39.0,3.0,4.0,72.0
After-School Programs,High School,YWCA of Queens,Queens,YWCA of Queens                                              ,718.353.4553,,42-07 Parsons Boulevard,11355,40.757857,-73.819077,7.0,20.0,861.0,4583346.0,4053750006.0,East Flushing                                                              ,"{'latitude': '40.751299796948', 'longitude': '-73.821478547897', 'human_address': '{""address"": ""42 07 Parsons Boulevard"", ""city"": ""Queens"", ""state"": ""NEW YORK"", ""zip"": ""11355""}'}",14190.0,22.0,3.0,3.0,67.0
After-School Programs,High School,Italian American Civil Rights League (Italian American Civil),Brooklyn,Italian American Civil Rights League (Italian American Civil),718.642.2180,,1460 Pennsylvania Avenue,11239,40.646068,-73.879786,5.0,42.0,105804.0,3340241.0,3044520020.0,Starrett City                                                              ,"{'latitude': '40.646077795287', 'longitude': '-73.879950181902', 'human_address': '{""address"": ""1460 Pennsylvania Avenue"", ""city"": ""Brooklyn"", ""state"": ""NEW YORK"", ""zip"": ""11239""}'}",13830.0,45.0,2.0,25.0,47.0
After-School Programs,High School,P.S. 12 ,Brooklyn,"Ralph Lincoln Service Center, Inc.",718.604.1358,High School,430 Howard Avenue,11213,40.673073,-73.919594,16.0,41.0,363.0,3039174.0,3014570032.0,Ocean Hill                                                                 ,"{'latitude': '40.67307365826', 'longitude': '-73.919630480731', 'human_address': '{""address"": ""430 Howard Avenue"", ""city"": ""Brooklyn"", ""state"": ""NEW YORK"", ""zip"": ""11213""}'}",13516.0,55.0,2.0,17.0,46.0
After-School Programs,High School,William H. Taft High School - H.S. 410 ,Bronx,Woodycrest Center For Human Development,718.992.2178,,240 East 172nd Street,10457,40.840422,-73.91091,4.0,16.0,225.0,2007806.0,2028170002.0,East Concourse-Concourse Village                                           ,"{'latitude': '40.84038797721', 'longitude': '-73.910881644448', 'human_address': '{""address"": ""240 172nd Street"", ""city"": ""Bronx"", ""state"": ""NEW YORK"", ""zip"": ""10457""}'}",10935.0,50.0,5.0,42.0,27.0
After-School Programs,High School,Bnos Yakov Educational Center,Brooklyn,Bnos Yakov Educational Center,718.963.1212,High School,62 Harrison Avenue,11211,40.704892,-73.952445,1.0,33.0,529.0,3060902.0,3022200038.0,Williamsburg                                                               ,"{'latitude': '40.705097775655', 'longitude': '-73.952713601158', 'human_address': '{""address"": ""62 Harrison Avenue"", ""city"": ""Brooklyn"", ""state"": ""NEW YORK"", ""zip"": ""11211""}'}",17613.0,36.0,2.0,38.0,56.0
After-School Programs,High School,Associated Beth Rivkah Schools (Elementary/Middle School),Brooklyn,"Associated Beth Rivkah Schools, Inc",718.735.0400,High School, 470 Lefferts Avenue,11225,40.662647,-73.945959,9.0,40.0,806.0,3035454.0,3013310019.0,Prospect Lefferts Gardens-Wingate                                          ,"{'latitude': '40.662639004905', 'longitude': '-73.945647201026', 'human_address': '{""address"": ""470 Lefferts Avenue"", ""city"": ""Brooklyn"", ""state"": ""NEW YORK"", ""zip"": ""11225""}'}",13509.0,17.0,2.0,11.0,44.0
After-School Programs,High School,MS 298,Bronx,"Urban Youth Alliance International, Inc.",718.402.6872,High School,778 Forest Avenue,10454,40.818874,-73.905927,1.0,17.0,77.0,2004690.0,2026550030.0,Melrose South-Mott Haven North                                             ,"{'latitude': '40.818884946864', 'longitude': '-73.905899687729', 'human_address': '{""address"": ""778 Forest Avenue"", ""city"": ""Bronx"", ""state"": ""NEW YORK"", ""zip"": ""10454""}'}",10934.0,49.0,5.0,43.0,23.0
After-School Programs,High School,Police Athletic League (Brownsville Beacon),Brooklyn,"Police Athletic League, Inc.",212.477.9450,,985 Rockaway Avenue,11212,40.656068,-73.907245,16.0,42.0,922.0,3082940.0,3036360007.0,Brownsville                                                                ,"{'latitude': '40.656451255408', 'longitude': '-73.907322828305', 'human_address': '{""address"": ""985 Rockaway Avenue"", ""city"": ""Brooklyn"", ""state"": ""NEW YORK"", ""zip"": ""11212""}'}",17614.0,55.0,2.0,25.0,46.0
After-School Programs,High School,Public School 192 - Jacob H. Schiff Elementary School,New York,"Washington Heights- Inwood Coalition, Inc",212.781.6722,High School,500 W. 138th Street,10031,40.820953,-73.951145,9.0,7.0,22301.0,1084132.0,1019880166.0,Manhattanville                                                             ,"{'latitude': '40.82157842401', 'longitude': '-73.952641887445', 'human_address': '{""address"": ""500 138th Street"", ""city"": ""New York"", ""state"": ""NEW YORK"", ""zip"": ""10031""}'}",12428.0,37.0,4.0,23.0,19.0
After-School Programs,High School,Presbyterian Senior Services,Bronx,Presbyterian Senior Services,212.874.6633,High School,951 Prospect Avenue,10459,40.822317,-73.900535,3.0,17.0,12901.0,2112796.0,2026780068.0,Longwood                                                                   ,"{'latitude': '40.822158575217', 'longitude': '-73.900615388998', 'human_address': '{""address"": ""951 Prospect Avenue"", ""city"": ""Bronx"", ""state"": ""NEW YORK"", ""zip"": ""10459""}'}",10937.0,34.0,5.0,43.0,25.0
After-School Programs,High School,"Boys & Girls Harbor, Inc.",New York,"Boys & Girls Harbor, Inc.",212.427.2244,High School,1 East 104th Street,10029,40.792888,-73.951826,11.0,8.0,168.0,1051499.0,1016100001.0,East Harlem South                                                          ,"{'latitude': '40.792983387231', 'longitude': '-73.952000317419', 'human_address': '{""address"": ""1 104th Street"", ""city"": ""New York"", ""state"": ""NEW YORK"", ""zip"": ""10029""}'}",12426.0,7.0,4.0,35.0,14.0
After-School Programs,High School,Intermediate School 211 - John Wilson School ,Brooklyn,New York Junior Tennis League,718.786.7110,High School,1001 E. 100th Street,11236,40.643278,-73.896212,18.0,46.0,988.0,3326732.0,3082270001.0,Canarsie                                                                   ,"{'latitude': '40.643481644853', 'longitude': '-73.896423713229', 'human_address': '{""address"": ""1001 100th Street"", ""city"": ""Brooklyn"", ""state"": ""NEW YORK"", ""zip"": ""11236""}'}",13827.0,5.0,2.0,8.0,42.0
After-School Programs,High School,"Mosholu Montefiore Community Center, Inc.",Bronx,"Mosholu Montefiore Community Center, Inc.",718.882.4000,High School,3512 Dekalb Avenue,10467,40.882728,-73.88006,7.0,11.0,431.0,2094751.0,2033280138.0,Norwood                                                                    ,"{'latitude': '40.882590987765', 'longitude': '-73.880114656115', 'human_address': '{""address"": ""3512 Dekalb Avenue"", ""city"": ""Bronx"", ""state"": ""NEW YORK"", ""zip"": ""10467""}'}",11605.0,24.0,5.0,40.0,34.0
After-School Programs,High School,Turning Point,Brooklyn,Turning Point,718 439.0077,High School,5220 Fourth Avenue,11220,40.645191,-74.013924,7.0,38.0,76.0,3013857.0,3008060046.0,Sunset Park West                                                           ,"{'latitude': '40.645290640072', 'longitude': '-74.013956489484', 'human_address': '{""address"": ""5220 Fourth Avenue"", ""city"": ""Brooklyn"", ""state"": ""NEW YORK"", ""zip"": ""11220""}'}",18180.0,9.0,2.0,7.0,45.0
After-School Programs,High School,Unity Fiorentino Breukelen,Brooklyn,"Groundwork Inc,",718.346.2200,High School,330 Alabama Avenue,11207,40.668167,-73.897835,5.0,42.0,1134.0,3084283.0,3037680001.0,East New York (Pennsylvania Ave)                                           ,"{'latitude': '40.66813827152', 'longitude': '-73.897862392437', 'human_address': '{""address"": ""330 Alabama Avenue"", ""city"": ""Brooklyn"", ""state"": ""NEW YORK"", ""zip"": ""11207""}'}",17214.0,45.0,2.0,25.0,47.0
After-School Programs,High School,Joy Center,New York,Greenwich Village Youth Council,646.935.1812,High School,213 Eldridge Street,10002,40.721532,-73.990252,3.0,1.0,3601.0,1077628.0,1004210052.0,Chinatown                                                                  ,"{'latitude': '40.722097392279', 'longitude': '-73.989984762428', 'human_address': '{""address"": ""213 Eldridge Street"", ""city"": ""New York"", ""state"": ""NEW YORK"", ""zip"": ""10002""}'}",11723.0,70.0,4.0,32.0,2.0
After-School Programs,High School,South Jamaica Outreach Clinic,Queens,The Child Center of NY,717.659.4000,High School,115-15 Sutphin Boulevard,11436,40.68439,-73.79263,12.0,28.0,272.0,4264187.0,4121880001.0,Baisley Park                                                               ,"{'latitude': '40.675718209128', 'longitude': '-73.796465014948', 'human_address': '{""address"": ""115 15 Sutphin Boulevard"", ""city"": ""Queens"", ""state"": ""NEW YORK"", ""zip"": ""11436""}'}",24671.0,41.0,3.0,46.0,71.0
After-School Programs,High School,"Citizens Advice Bureau, Inc.",Bronx,"Citizens Advice Bureau, Inc.",718.293.0727,High School,236 East Tremont Avenue,10457,40.848936,-73.904562,5.0,15.0,23302.0,2007599.0,2028040021.0,Mount Hope                                                                 ,"{'latitude': '40.84889764394', 'longitude': '-73.904986858255', 'human_address': '{""address"": ""236 Tremont Avenue"", ""city"": ""Bronx"", ""state"": ""NEW YORK"", ""zip"": ""10457""}'}",10935.0,6.0,5.0,22.0,29.0
After-School Programs,High School,Educational Center,Brooklyn,Turning Point,718.439.0077,High School,5013 Seventh Avenue,11220,40.642307,-74.006043,7.0,38.0,108.0,3013388.0,3007940004.0,Sunset Park East                                                           ,"{'latitude': '40.642353653563', 'longitude': '-74.005963807531', 'human_address': '{""address"": ""5013 Seventh Avenue"", ""city"": ""Brooklyn"", ""state"": ""NEW YORK"", ""zip"": ""11220""}'}",18180.0,9.0,2.0,7.0,45.0
After-School Programs,High School,"Bronx River Art Center, Inc.",Bronx,"Bronx River Art Center, Inc.",718.589.5819,High School,1087 E. Tremont Avenue,10460,40.840027,-73.878633,6.0,15.0,361.0,2118038.0,2031410001.0,East Tremont                                                               ,"{'latitude': '40.84006972385', 'longitude': '-73.877718053393', 'human_address': '{""address"": ""1087 Tremont Avenue"", ""city"": ""Bronx"", ""state"": ""NEW YORK"", ""zip"": ""10460""}'}",11269.0,35.0,5.0,22.0,31.0
After-School Programs,High School,The Young Womens Christian Association of Queens (YWCA) ,Queens,YWCA of Queens,718.353.4553,High School,42-07 Parsons,11355,,,,,,,,,"{'latitude': '40.751299796948', 'longitude': '-73.821478547897', 'human_address': '{""address"": ""42 07"", ""city"": ""Queens"", ""state"": ""NEW YORK"", ""zip"": ""11355""}'}",14190.0,22.0,3.0,3.0,67.0
After-School Programs,High School,The South Jamacia Child Guidance Clinic ,Queens,Queens Child Guidance Center,718.651.7770,High School,114-14 Sutphin Boulevard,11436,40.685868,-73.793592,12.0,28.0,190.0,4539584.0,4119800008.0,Baisley Park                                                               ,"{'latitude': '40.675718209128', 'longitude': '-73.796465014948', 'human_address': '{""address"": ""114 14 Sutphin Boulevard"", ""city"": ""Queens"", ""state"": ""NEW YORK"", ""zip"": ""11436""}'}",24671.0,41.0,3.0,46.0,71.0
After-School Programs,High School,Youth Employment Program ,Bronx,"Mosholu Montefiore Community Center, Inc.",718.652.1471,,3400 Reservoir Oval,10467,40.878889,-73.87581,7.0,11.0,423.0,2018218.0,2033430185.0,Norwood                                                                    ,"{'latitude': '40.878775054922', 'longitude': '-73.875633562586', 'human_address': '{""address"": ""3400 Reservoir Oval"", ""city"": ""Bronx"", ""state"": ""NEW YORK"", ""zip"": ""10467""}'}",11605.0,24.0,5.0,40.0,34.0
After-School Programs,High School,The Children's Aid Society,New York,The Children's Aid Society,212.865.6337,,885 Columbus Avenue,10025,40.797762,-73.963944,7.0,7.0,189.0,1081301.0,1018360001.0,Upper West Side                                                            ,"{'latitude': '40.797713348632', 'longitude': '-73.963944750805', 'human_address': '{""address"": ""885 Columbus Avenue"", ""city"": ""New York"", ""state"": ""NEW YORK"", ""zip"": ""10025""}'}",12422.0,20.0,4.0,23.0,15.0
After-School Programs,High School,Intermediate School 238 - Susan B. Anthony School,Queens,New York Junior Tennis League,347.417.8135,High School, 88-15 182nd Street,11423,40.713094,-73.780468,12.0,27.0,470.0,4212425.0,4099190006.0,Jamaica                                                                    ,"{'latitude': '40.717222295672', 'longitude': '-73.76714149998', 'human_address': '{""address"": ""88 15 182nd Street"", ""city"": ""Queens"", ""state"": ""NEW YORK"", ""zip"": ""11423""}'}",24332.0,41.0,3.0,16.0,61.0
After-School Programs,High School,Intermediate School 326/328,New York,Community Association of Progressive Dominicans,212.781.5500,High School,401 West 164th Street,10032,40.836536,-73.937159,12.0,10.0,24301.0,1062636.0,1021110024.0,Washington Heights South                                                   ,"{'latitude': '40.836513047402', 'longitude': '-73.937045609989', 'human_address': '{""address"": ""401 164th Street"", ""city"": ""New York"", ""state"": ""NEW YORK"", ""zip"": ""10032""}'}",13090.0,47.0,4.0,39.0,21.0
After-School Programs,High School,"Mid Bronx Community Preservation Coalition, Inc.",Bronx,"Mid Bronx Community Preservation Coalition, Inc.",718.590.0655,High School,489 St. Pauls Place,10456,40.836098,-73.903825,3.0,16.0,14702.0,2009542.0,2029110030.0,Claremont-Bathgate                                                         ,"{'latitude': '40.836119255151', 'longitude': '-73.90381884847', 'human_address': '{""address"": ""489 St Pauls Place"", ""city"": ""Bronx"", ""state"": ""NEW YORK"", ""zip"": ""10456""}'}",10934.0,34.0,5.0,42.0,25.0
After-School Programs,High School,Southern Queens Park Association,Queens,Southern Queens Park Association,718.276.4630,High School,177th Street & Baisley Boulevard,11434,,,,,,,,,"{'latitude': '40.664030989833', 'longitude': '-73.770649922084', 'human_address': '{""address"": ""177th Street Queens NEW YORK"", ""city"": """", ""state"": """", ""zip"": ""11434""}'}",24669.0,63.0,3.0,47.0,63.0
After-School Programs,High School,Bronx Community Resource Center,Bronx,Covenant House/Under 21,718 294. 7182,, 81-83C Featherbed Lane,10452,40.846306,-73.917755,5.0,14.0,21502.0,2008809.0,2028760037.0,University Heights-Morris Heights                                          ,"{'latitude': '40.837724263364', 'longitude': '-73.923332211412', 'human_address': '{""address"": ""81 83C Featherbed Lane"", ""city"": ""Bronx"", ""state"": ""NEW YORK"", ""zip"": ""10452""}'}",10930.0,50.0,5.0,42.0,27.0
After-School Programs,High School,Public School 5 - Ellen Lurie School,New York,Reading Excellence and Discovery (READ) Foundation,212.849.6840,High School,3703 10th Avenue,10034,40.85899,-73.922894,12.0,10.0,299.0,1084201.0,1021500030.0,Marble Hill-Inwood                                                         ,"{'latitude': '40.858992999808', 'longitude': '-73.922870943873', 'human_address': '{""address"": ""3703 10th Avenue"", ""city"": ""New York"", ""state"": ""NEW YORK"", ""zip"": ""10034""}'}",13092.0,47.0,4.0,39.0,22.0
After-School Programs,High School,Erasmus High School,Brooklyn,Research Foundation of CUNY,718.951.5015,High School,911 Flatbush Avenue,11226,40.649787,-73.95855,14.0,40.0,794.0,3336215.0,3051030010.0,Erasmus                                                                    ,"{'latitude': '40.649532936565', 'longitude': '-73.958457559936', 'human_address': '{""address"": ""911 Flatbush Avenue"", ""city"": ""Brooklyn"", ""state"": ""NEW YORK"", ""zip"": ""11226""}'}",13510.0,60.0,2.0,11.0,43.0
After-School Programs,High School,I.S 228 ,Brooklyn,New York Junior Tennis League,718.417.8135,High School,228 Avenue S,11223,40.6013,-73.976953,11.0,47.0,410.0,3190273.0,3070840001.0,Bensonhurst East                                                           ,"{'latitude': '40.596939623165', 'longitude': '-73.973311472047', 'human_address': '{""address"": ""228 Avenue"", ""city"": ""Brooklyn"", ""state"": ""NEW YORK"", ""zip"": ""11223""}'}",18183.0,32.0,2.0,45.0,36.0
After-School Programs,High School,Bnos Yakov Educational Center,Brooklyn,Bnos Yakov Educational Center,718.963.1212,,62 Harrison Avenue,11211,40.704892,-73.952445,1.0,33.0,529.0,3060902.0,3022200038.0,Williamsburg                                                               ,"{'latitude': '40.705097775655', 'longitude': '-73.952713601158', 'human_address': '{""address"": ""62 Harrison Avenue"", ""city"": ""Brooklyn"", ""state"": ""NEW YORK"", ""zip"": ""11211""}'}",17613.0,36.0,2.0,38.0,56.0
After-School Programs,High School,Intermediate School 27 - Anning S. Prall,Staten Island,"Sports and Arts In Schools Foundation, Inc.",347 417.8135,High School,11 Clove Lake Place,10310,40.628169,-74.116997,1.0,49.0,125.0,5008403.0,5003080001.0,West New Brighton-New Brighton-St. George                                  ,"{'latitude': '40.628195604428', 'longitude': '-74.117033282205', 'human_address': '{""address"": ""11 Clove Lake Place Staten Island"", ""city"": ""NEW YORK"", ""state"": """", ""zip"": ""10310""}'}",10697.0,4.0,1.0,13.0,74.0
After-School Programs,High School,Hoe Avenue Clubhouse ,Bronx,Madison Square Boys & Girls Club,212.760.9600,High School,1665 Hoe Avenue,10460,40.835837,-73.887567,3.0,17.0,161.0,2010612.0,2029830042.0,Crotona Park East                                                          ,"{'latitude': '40.836095735535', 'longitude': '-73.887436241888', 'human_address': '{""address"": ""1665 Hoe Avenue"", ""city"": ""Bronx"", ""state"": ""NEW YORK"", ""zip"": ""10460""}'}",11269.0,34.0,5.0,43.0,25.0
After-School Programs,High School,"The Learning Tree Cultural Center, Inc.",Bronx,"The Learning Tree Cultural Center, Inc.",718.944.0958,High School,801 Bartholdi Street,10467,40.873827,-73.862622,12.0,12.0,372.0,2057044.0,2046330011.0,Williamsbridge-Olinville                                                   ,"{'latitude': '40.873859324546', 'longitude': '-73.862805260903', 'human_address': '{""address"": ""801 Bartholdi Street"", ""city"": ""Bronx"", ""state"": ""NEW YORK"", ""zip"": ""10467""}'}",11605.0,29.0,5.0,2.0,30.0
After-School Programs,High School,Asian Outreach,Queens,Queens Child Guidance Center,718.651.7770,High School,87-08 Justice Avenue,11373,40.737456,-73.876222,4.0,25.0,473.0,4045404.0,4018427501.0,Elmhurst                                                                   ,"{'latitude': '40.738710402563', 'longitude': '-73.878351155182', 'human_address': '{""address"": ""87 08 Justice Avenue"", ""city"": ""Queens"", ""state"": ""NEW YORK"", ""zip"": ""11373""}'}",14784.0,66.0,3.0,5.0,68.0
After-School Programs,High School,St. Nicholas Neighborhood Preservation Corporation ,Brooklyn,St. Nicholas Neighborhood Preservation Corporation,718.388.5454,High School,306 Union Avenue,11211,40.709587,-73.950877,1.0,34.0,513.0,3069651.0,3027910001.0,North Side-South Side                                                      ,"{'latitude': '40.709531299983', 'longitude': '-73.950845802033', 'human_address': '{""address"": ""306 Union Avenue"", ""city"": ""Brooklyn"", ""state"": ""NEW YORK"", ""zip"": ""11211""}'}",17213.0,36.0,2.0,30.0,56.0
After-School Programs,High School,"Citizens Advice Bureau, Inc.",Bronx,"Citizens Advice Bureau, Inc.",718.293.0727,High School,632 Southern Boulevard,10455,40.812991,-73.90108,2.0,8.0,83.0,2004141.0,2026030150.0,Longwood                                                                   ,"{'latitude': '40.812893537386', 'longitude': '-73.901332703215', 'human_address': '{""address"": ""632 Southern Boulevard"", ""city"": ""Bronx"", ""state"": ""NEW YORK"", ""zip"": ""10455""}'}",10933.0,8.0,5.0,35.0,24.0
After-School Programs,High School,Highbridge Community Life Center AfterSchool and Summer Program ,Bronx,Highbridge Community Life Center,718.681.2222,High School,1248 Nelson Avenue,10452,40.83885,-73.924569,4.0,16.0,211.0,2096413.0,2025170001.0,Highbridge                                                                 ,"{'latitude': '40.838724615971', 'longitude': '-73.924634415896', 'human_address': '{""address"": ""1248 Nelson Avenue"", ""city"": ""Bronx"", ""state"": ""NEW YORK"", ""zip"": ""10452""}'}",10930.0,50.0,5.0,42.0,27.0
After-School Programs,High School,"Boys & Girls Harbor, Inc",New York,"Boys & Girls Harbor, Inc",212.427.2244,,1 East 104th Street,10029,40.792888,-73.951826,11.0,8.0,168.0,1051499.0,1016100001.0,East Harlem South                                                          ,"{'latitude': '40.792983387231', 'longitude': '-73.952000317419', 'human_address': '{""address"": ""1 104th Street"", ""city"": ""New York"", ""state"": ""NEW YORK"", ""zip"": ""10029""}'}",12426.0,7.0,4.0,35.0,14.0
After-School Programs,High School,BCA Education Center ,Brooklyn,Brooklyn Chinese American Association,718.438.9312,,5000 8th Avenue,11220,40.641036,-74.003809,7.0,38.0,108.0,3013418.0,3007940039.0,Sunset Park East                                                           ,"{'latitude': '40.641104606526', 'longitude': '-74.003759923935', 'human_address': '{""address"": ""5000 8th Avenue"", ""city"": ""Brooklyn"", ""state"": ""NEW YORK"", ""zip"": ""11220""}'}",18180.0,9.0,2.0,7.0,45.0
After-School Programs,High School,Junior High School 258 (K) - David Ruggles School,Brooklyn,"Vannguard Urban Improvement Association, Inc.",718.453.3330,High School,141 Macon Street,11216,40.681572,-73.945446,3.0,36.0,269.0,3053075.0,3018450001.0,Bedford                                                                    ,"{'latitude': '40.681569834988', 'longitude': '-73.945596139676', 'human_address': '{""address"": ""141 Macon Street"", ""city"": ""Brooklyn"", ""state"": ""NEW YORK"", ""zip"": ""11216""}'}",17618.0,69.0,2.0,49.0,51.0
After-School Programs,High School,"Variety Boys & Girls Club of Queens, Inc.",Queens,"Variety Boys & Girls Club of Queens, Inc.",718.728.0946,High School,21-12 30th Road,11102,40.768955,-73.928269,1.0,22.0,79.0,4006319.0,4005500007.0,Old Astoria                                                                ,"{'latitude': '40.771524024514', 'longitude': '-73.926435450735', 'human_address': '{""address"": ""21 12 30th Road"", ""city"": ""Queens"", ""state"": ""NEW YORK"", ""zip"": ""11102""}'}",16859.0,39.0,3.0,4.0,72.0
